INSERT INTO together_region (id, nombre) VALUES (1, 'Región de Tarapacá');
INSERT INTO together_region (id, nombre) VALUES (2, 'Región de Antofagasta');
INSERT INTO together_region (id, nombre) VALUES (3, 'Región de Atacama');
INSERT INTO together_region (id, nombre) VALUES (4, 'Región de Coquimbo');
INSERT INTO together_region (id, nombre) VALUES (5, 'Región de Valparaíso');
INSERT INTO together_region (id, nombre) VALUES (6, 'Región del Libertador Gral. Bernardo O’Higgins');
INSERT INTO together_region (id, nombre) VALUES (7, 'Región del Maule');
INSERT INTO together_region (id, nombre) VALUES (8, 'Región del Biobío');
INSERT INTO together_region (id, nombre) VALUES (9, 'Región de la Araucanía');
INSERT INTO together_region (id, nombre) VALUES (10, 'Región de Los Lagos');
INSERT INTO together_region (id, nombre) VALUES (11, 'Región Aisén del Gral. Carlos Ibáñez del Campo');
INSERT INTO together_region (id, nombre) VALUES (12, 'Región de Magallanes y de la Antártica Chilena');
INSERT INTO together_region (id, nombre) VALUES (13, 'Región Metropolitana de Santiago');
INSERT INTO together_region (id, nombre) VALUES (14, 'Región de Los Ríos');
INSERT INTO together_region (id, nombre) VALUES (15, 'Región de Arica y Parinacota');

INSERT INTO together_comuna(codigo, nombre, region_id) VALUES (346,'ALTO HOSPICIO',1);
INSERT INTO together_comuna(codigo, nombre, region_id) VALUES (296,'CAMINA',1);
INSERT INTO together_comuna(codigo, nombre, region_id) VALUES (297,'COLCHANE',1);
INSERT INTO together_comuna(codigo, nombre, region_id) VALUES (3,'HUARA',1);
INSERT INTO together_comuna(codigo, nombre, region_id) VALUES (2,'IQUIQUE',1);
INSERT INTO together_comuna(codigo, nombre, region_id) VALUES (4,'PICA',1);
INSERT INTO together_comuna(codigo, nombre, region_id) VALUES (5,'POZO ALMONTE',1);

INSERT INTO together_comuna(codigo, nombre, region_id) VALUES (7,'ANTOFAGASTA',2);
INSERT INTO together_comuna(codigo, nombre, region_id) VALUES (10,'CALAMA',2);
INSERT INTO together_comuna(codigo, nombre, region_id) VALUES (298,'MARIA ELENA',2);
INSERT INTO together_comuna(codigo, nombre, region_id) VALUES (8,'MEJILLONES',2);
INSERT INTO together_comuna(codigo, nombre, region_id) VALUES (300,'OLLAGÜE',2);
INSERT INTO together_comuna(codigo, nombre, region_id) VALUES (301,'SAN PEDRO DE ATACAMA',2);
INSERT INTO together_comuna(codigo, nombre, region_id) VALUES (299,'SIERRA GORDA',2);
INSERT INTO together_comuna(codigo, nombre, region_id) VALUES (9,'TALTAL',2);
INSERT INTO together_comuna(codigo, nombre, region_id) VALUES (6,'TOCOPILLA',2);

INSERT INTO together_comuna(codigo, nombre, region_id) VALUES (302,'ALTO DEL CARMEN',3);
INSERT INTO together_comuna(codigo, nombre, region_id) VALUES (14,'CALDERA',3);
INSERT INTO together_comuna(codigo, nombre, region_id) VALUES (11,'CHAÑARAL',3);
INSERT INTO together_comuna(codigo, nombre, region_id) VALUES (13,'COPIAPO',3);
INSERT INTO together_comuna(codigo, nombre, region_id) VALUES (12,'DIEGO DE ALMAGRO',3);
INSERT INTO together_comuna(codigo, nombre, region_id) VALUES (17,'FREIRINA',3);
INSERT INTO together_comuna(codigo, nombre, region_id) VALUES (18,'HUASCO',3);
INSERT INTO together_comuna(codigo, nombre, region_id) VALUES (15,'TIERRA AMARILLA',3);
INSERT INTO together_comuna(codigo, nombre, region_id) VALUES (16,'VALLENAR',3);

INSERT INTO together_comuna(codigo, nombre, region_id) VALUES (22,'ANDACOLLO',4);
INSERT INTO together_comuna(codigo, nombre, region_id) VALUES (31,'CANELA',4);
INSERT INTO together_comuna(codigo, nombre, region_id) VALUES (29,'COMBARBALA',4);
INSERT INTO together_comuna(codigo, nombre, region_id) VALUES (21,'COQUIMBO',4);
INSERT INTO together_comuna(codigo, nombre, region_id) VALUES (30,'ILLAPEL',4);
INSERT INTO together_comuna(codigo, nombre, region_id) VALUES (20,'LA HIGUERA',4);
INSERT INTO together_comuna(codigo, nombre, region_id) VALUES (19,'LA SERENA',4);
INSERT INTO together_comuna(codigo, nombre, region_id) VALUES (33,'LOS VILOS',4);
INSERT INTO together_comuna(codigo, nombre, region_id) VALUES (26,'MONTE PATRIA',4);
INSERT INTO together_comuna(codigo, nombre, region_id) VALUES (25,'OVALLE',4);
INSERT INTO together_comuna(codigo, nombre, region_id) VALUES (24,'PAIHUANO',4);
INSERT INTO together_comuna(codigo, nombre, region_id) VALUES (27,'PUNITAQUI',4);
INSERT INTO together_comuna(codigo, nombre, region_id) VALUES (28,'RIO HURTADO',4);
INSERT INTO together_comuna(codigo, nombre, region_id) VALUES (32,'SALAMANCA',4);
INSERT INTO together_comuna(codigo, nombre, region_id) VALUES (23,'VICUÑA',4);

INSERT INTO together_comuna(codigo, nombre, region_id) VALUES (44,'ALGARROBO',5);
INSERT INTO together_comuna(codigo, nombre, region_id) VALUES (56,'CABILDO',5);
INSERT INTO together_comuna(codigo, nombre, region_id) VALUES (67,'CALLE LARGA',5);
INSERT INTO together_comuna(codigo, nombre, region_id) VALUES (46,'CARTAGENA',5);
INSERT INTO together_comuna(codigo, nombre, region_id) VALUES (40,'CASABLANCA',5);
INSERT INTO together_comuna(codigo, nombre, region_id) VALUES (63,'CATEMU',5);
INSERT INTO together_comuna(codigo, nombre, region_id) VALUES (340,'CONCON',5);
INSERT INTO together_comuna(codigo, nombre, region_id) VALUES (45,'EL QUISCO',5);
INSERT INTO together_comuna(codigo, nombre, region_id) VALUES (47,'EL TABO',5);
INSERT INTO together_comuna(codigo, nombre, region_id) VALUES (51,'HIJUELAS',5);
INSERT INTO together_comuna(codigo, nombre, region_id) VALUES (41,'ISLA DE PASCUA',5);
INSERT INTO together_comuna(codigo, nombre, region_id) VALUES (321,'JUAN FERNANDEZ',5);
INSERT INTO together_comuna(codigo, nombre, region_id) VALUES (50,'LA CALERA',5);
INSERT INTO together_comuna(codigo, nombre, region_id) VALUES (49,'LA CRUZ',5);
INSERT INTO together_comuna(codigo, nombre, region_id) VALUES (59,'LA LIGUA',5);
INSERT INTO together_comuna(codigo, nombre, region_id) VALUES (53,'LIMACHE',5);
INSERT INTO together_comuna(codigo, nombre, region_id) VALUES (65,'LLAY LLAY',5);
INSERT INTO together_comuna(codigo, nombre, region_id) VALUES (66,'LOS ANDES',5);
INSERT INTO together_comuna(codigo, nombre, region_id) VALUES (52,'NOGALES',5);
INSERT INTO together_comuna(codigo, nombre, region_id) VALUES (54,'OLMUE',5);
INSERT INTO together_comuna(codigo, nombre, region_id) VALUES (62,'PANQUEHUE',5);
INSERT INTO together_comuna(codigo, nombre, region_id) VALUES (57,'PAPUDO',5);
INSERT INTO together_comuna(codigo, nombre, region_id) VALUES (55,'PETORCA',5);
INSERT INTO together_comuna(codigo, nombre, region_id) VALUES (36,'PUCHUNCAVI',5);
INSERT INTO together_comuna(codigo, nombre, region_id) VALUES (61,'PUTAENDO',5);
INSERT INTO together_comuna(codigo, nombre, region_id) VALUES (48,'QUILLOTA',5);
INSERT INTO together_comuna(codigo, nombre, region_id) VALUES (38,'QUILPUE',5);
INSERT INTO together_comuna(codigo, nombre, region_id) VALUES (35,'QUINTERO',5);
INSERT INTO together_comuna(codigo, nombre, region_id) VALUES (68,'RINCONADA',5);
INSERT INTO together_comuna(codigo, nombre, region_id) VALUES (42,'SAN ANTONIO',5);
INSERT INTO together_comuna(codigo, nombre, region_id) VALUES (69,'SAN ESTEBAN',5);
INSERT INTO together_comuna(codigo, nombre, region_id) VALUES (60,'SAN FELIPE',5);
INSERT INTO together_comuna(codigo, nombre, region_id) VALUES (64,'SANTA MARIA',5);
INSERT INTO together_comuna(codigo, nombre, region_id) VALUES (43,'SANTO DOMINGO',5);
INSERT INTO together_comuna(codigo, nombre, region_id) VALUES (34,'VALPARAISO',5);
INSERT INTO together_comuna(codigo, nombre, region_id) VALUES (39,'VILLA ALEMANA',5);
INSERT INTO together_comuna(codigo, nombre, region_id) VALUES (37,'VIÑA DEL MAR',5);
INSERT INTO together_comuna(codigo, nombre, region_id) VALUES (58,'ZAPALLAR',5);

INSERT INTO together_comuna(codigo, nombre, region_id) VALUES (132,'CHEPICA',6);
INSERT INTO together_comuna(codigo, nombre, region_id) VALUES (125,'CHIMBARONGO',6);
INSERT INTO together_comuna(codigo, nombre, region_id) VALUES (110,'CODEGUA',6);
INSERT INTO together_comuna(codigo, nombre, region_id) VALUES (114,'COINCO',6);
INSERT INTO together_comuna(codigo, nombre, region_id) VALUES (113,'COLTAUCO',6);
INSERT INTO together_comuna(codigo, nombre, region_id) VALUES (112,'DOÑIHUE',6);
INSERT INTO together_comuna(codigo, nombre, region_id) VALUES (107,'GRANEROS',6);
INSERT INTO together_comuna(codigo, nombre, region_id) VALUES (139,'LA ESTRELLA',6);
INSERT INTO together_comuna(codigo, nombre, region_id) VALUES (116,'LAS CABRAS',6);
INSERT INTO together_comuna(codigo, nombre, region_id) VALUES (136,'LITUECHE',6);
INSERT INTO together_comuna(codigo, nombre, region_id) VALUES (129,'LOLOL',6);
INSERT INTO together_comuna(codigo, nombre, region_id) VALUES (106,'MACHALI',6);
INSERT INTO together_comuna(codigo, nombre, region_id) VALUES (122,'MALLOA',6);
INSERT INTO together_comuna(codigo, nombre, region_id) VALUES (134,'MARCHIGUE',6);
INSERT INTO together_comuna(codigo, nombre, region_id) VALUES (126,'NANCAGUA',6);
INSERT INTO together_comuna(codigo, nombre, region_id) VALUES (138,'NAVIDAD',6);
INSERT INTO together_comuna(codigo, nombre, region_id) VALUES (120,'OLIVAR',6);
INSERT INTO together_comuna(codigo, nombre, region_id) VALUES (130,'PALMILLA',6);
INSERT INTO together_comuna(codigo, nombre, region_id) VALUES (133,'PAREDONES',6);
INSERT INTO together_comuna(codigo, nombre, region_id) VALUES (131,'PERALILLO',6);
INSERT INTO together_comuna(codigo, nombre, region_id) VALUES (115,'PEUMO',6);
INSERT INTO together_comuna(codigo, nombre, region_id) VALUES (118,'PICHIDEGUA',6);
INSERT INTO together_comuna(codigo, nombre, region_id) VALUES (137,'PICHILEMU',6);
INSERT INTO together_comuna(codigo, nombre, region_id) VALUES (127,'PLACILLA',6);
INSERT INTO together_comuna(codigo, nombre, region_id) VALUES (135,'PUMANQUE',6);
INSERT INTO together_comuna(codigo, nombre, region_id) VALUES (123,'QUINTA DE TILCOCO',6);
INSERT INTO together_comuna(codigo, nombre, region_id) VALUES (105,'RANCAGUA',6);
INSERT INTO together_comuna(codigo, nombre, region_id) VALUES (121,'RENGO',6);
INSERT INTO together_comuna(codigo, nombre, region_id) VALUES (119,'REQUINOA',6);
INSERT INTO together_comuna(codigo, nombre, region_id) VALUES (124,'SAN FERNANDO',6);
INSERT INTO together_comuna(codigo, nombre, region_id) VALUES (111,'SAN FRANCISCO DE MOSTAZAL',6);
INSERT INTO together_comuna(codigo, nombre, region_id) VALUES (117,'SAN VICENTE',6);
INSERT INTO together_comuna(codigo, nombre, region_id) VALUES (128,'SANTA CRUZ',6);

INSERT INTO together_comuna(codigo, nombre, region_id) VALUES (166,'CAUQUENES',7);
INSERT INTO together_comuna(codigo, nombre, region_id) VALUES (167,'CHANCO',7);
INSERT INTO together_comuna(codigo, nombre, region_id) VALUES (161,'COLBUN',7);
INSERT INTO together_comuna(codigo, nombre, region_id) VALUES (157,'CONSTITUCION',7);
INSERT INTO together_comuna(codigo, nombre, region_id) VALUES (155,'CUREPTO',7);
INSERT INTO together_comuna(codigo, nombre, region_id) VALUES (140,'CURICO',7);
INSERT INTO together_comuna(codigo, nombre, region_id) VALUES (158,'EMPEDRADO',7);
INSERT INTO together_comuna(codigo, nombre, region_id) VALUES (144,'HUALAÑE',7);
INSERT INTO together_comuna(codigo, nombre, region_id) VALUES (145,'LICANTEN',7);
INSERT INTO together_comuna(codigo, nombre, region_id) VALUES (159,'LINARES',7);
INSERT INTO together_comuna(codigo, nombre, region_id) VALUES (162,'LONGAVI',7);
INSERT INTO together_comuna(codigo, nombre, region_id) VALUES (154,'MAULE',7);
INSERT INTO together_comuna(codigo, nombre, region_id) VALUES (147,'MOLINA',7);
INSERT INTO together_comuna(codigo, nombre, region_id) VALUES (164,'PARRAL',7);
INSERT INTO together_comuna(codigo, nombre, region_id) VALUES (152,'PELARCO',7);
INSERT INTO together_comuna(codigo, nombre, region_id) VALUES (320,'PELLUHUE',7);
INSERT INTO together_comuna(codigo, nombre, region_id) VALUES (153,'PENCAHUE',7);
INSERT INTO together_comuna(codigo, nombre, region_id) VALUES (143,'RAUCO',7);
INSERT INTO together_comuna(codigo, nombre, region_id) VALUES (165,'RETIRO',7);
INSERT INTO together_comuna(codigo, nombre, region_id) VALUES (149,'RIO CLARO',7);
INSERT INTO together_comuna(codigo, nombre, region_id) VALUES (141,'ROMERAL',7);
INSERT INTO together_comuna(codigo, nombre, region_id) VALUES (148,'SAGRADA FAMILIA',7);
INSERT INTO together_comuna(codigo, nombre, region_id) VALUES (151,'SAN CLEMENTE',7);
INSERT INTO together_comuna(codigo, nombre, region_id) VALUES (156,'SAN JAVIER',7);
INSERT INTO together_comuna(codigo, nombre, region_id) VALUES (341,'SAN RAFAEL',7);
INSERT INTO together_comuna(codigo, nombre, region_id) VALUES (150,'TALCA',7);
INSERT INTO together_comuna(codigo, nombre, region_id) VALUES (142,'TENO',7);
INSERT INTO together_comuna(codigo, nombre, region_id) VALUES (146,'VICHUQUEN',7);
INSERT INTO together_comuna(codigo, nombre, region_id) VALUES (163,'VILLA ALEGRE',7);
INSERT INTO together_comuna(codigo, nombre, region_id) VALUES (160,'YERBAS BUENAS',7);

INSERT INTO together_comuna(codigo, nombre, region_id) VALUES (303,'ANTUCO',8);
INSERT INTO together_comuna(codigo, nombre, region_id) VALUES (198,'ARAUCO',8);
INSERT INTO together_comuna(codigo, nombre, region_id) VALUES (180,'BULNES',8);
INSERT INTO together_comuna(codigo, nombre, region_id) VALUES (208,'CABRERO',8);
INSERT INTO together_comuna(codigo, nombre, region_id) VALUES (201,'CAÑETE',8);
INSERT INTO together_comuna(codigo, nombre, region_id) VALUES (344,'CHIGUAYANTE',8);
INSERT INTO together_comuna(codigo, nombre, region_id) VALUES (168,'CHILLAN',8);
INSERT INTO together_comuna(codigo, nombre, region_id) VALUES (342,'CHILLAN VIEJO',8);
INSERT INTO together_comuna(codigo, nombre, region_id) VALUES (175,'COBQUECURA',8);
INSERT INTO together_comuna(codigo, nombre, region_id) VALUES (186,'COELEMU',8);
INSERT INTO together_comuna(codigo, nombre, region_id) VALUES (170,'COIHUECO',8);
INSERT INTO together_comuna(codigo, nombre, region_id) VALUES (188,'CONCEPCION',8);
INSERT INTO together_comuna(codigo, nombre, region_id) VALUES (202,'CONTULMO',8);
INSERT INTO together_comuna(codigo, nombre, region_id) VALUES (194,'CORONEL',8);
INSERT INTO together_comuna(codigo, nombre, region_id) VALUES (197,'CURANILAHUE',8);
INSERT INTO together_comuna(codigo, nombre, region_id) VALUES (185,'EL CARMEN',8);
INSERT INTO together_comuna(codigo, nombre, region_id) VALUES (193,'FLORIDA',8);
INSERT INTO together_comuna(codigo, nombre, region_id) VALUES (192,'HUALQUI',8);
INSERT INTO together_comuna(codigo, nombre, region_id) VALUES (210,'LAJA',8);
INSERT INTO together_comuna(codigo, nombre, region_id) VALUES (199,'LEBU',8);
INSERT INTO together_comuna(codigo, nombre, region_id) VALUES (200,'LOS ALAMOS',8);
INSERT INTO together_comuna(codigo, nombre, region_id) VALUES (204,'LOS ANGELES',8);
INSERT INTO together_comuna(codigo, nombre, region_id) VALUES (195,'LOTA',8);
INSERT INTO together_comuna(codigo, nombre, region_id) VALUES (214,'MULCHEN',8);
INSERT INTO together_comuna(codigo, nombre, region_id) VALUES (212,'NACIMIENTO',8);
INSERT INTO together_comuna(codigo, nombre, region_id) VALUES (213,'NEGRETE',8);
INSERT INTO together_comuna(codigo, nombre, region_id) VALUES (174,'NINHUE',8);
INSERT INTO together_comuna(codigo, nombre, region_id) VALUES (184,'PEMUCO',8);
INSERT INTO together_comuna(codigo, nombre, region_id) VALUES (191,'PENCO',8);
INSERT INTO together_comuna(codigo, nombre, region_id) VALUES (169,'PINTO',8);
INSERT INTO together_comuna(codigo, nombre, region_id) VALUES (171,'PORTEZUELO',8);
INSERT INTO together_comuna(codigo, nombre, region_id) VALUES (215,'QUILACO',8);
INSERT INTO together_comuna(codigo, nombre, region_id) VALUES (206,'QUILLECO',8);
INSERT INTO together_comuna(codigo, nombre, region_id) VALUES (182,'QUILLON',8);
INSERT INTO together_comuna(codigo, nombre, region_id) VALUES (172,'QUIRIHUE',8);
INSERT INTO together_comuna(codigo, nombre, region_id) VALUES (187,'RANQUIL',8);
INSERT INTO together_comuna(codigo, nombre, region_id) VALUES (176,'SAN CARLOS',8);
INSERT INTO together_comuna(codigo, nombre, region_id) VALUES (178,'SAN FABIAN',8);
INSERT INTO together_comuna(codigo, nombre, region_id) VALUES (177,'SAN GREGORIO DE ÑIQUEN',8);
INSERT INTO together_comuna(codigo, nombre, region_id) VALUES (181,'SAN IGNACIO',8);
INSERT INTO together_comuna(codigo, nombre, region_id) VALUES (179,'SAN NICOLAS',8);
INSERT INTO together_comuna(codigo, nombre, region_id) VALUES (343,'SAN PEDRO DE LA PAZ',8);
INSERT INTO together_comuna(codigo, nombre, region_id) VALUES (211,'SAN ROSENDO',8);
INSERT INTO together_comuna(codigo, nombre, region_id) VALUES (205,'SANTA BARBARA',8);
INSERT INTO together_comuna(codigo, nombre, region_id) VALUES (196,'SANTA JUANA',8);
INSERT INTO together_comuna(codigo, nombre, region_id) VALUES (189,'TALCAHUANO',8);
INSERT INTO together_comuna(codigo, nombre, region_id) VALUES (203,'TIRUA',8);
INSERT INTO together_comuna(codigo, nombre, region_id) VALUES (190,'TOME',8);
INSERT INTO together_comuna(codigo, nombre, region_id) VALUES (173,'TREHUACO',8);
INSERT INTO together_comuna(codigo, nombre, region_id) VALUES (209,'TUCAPEL',8);
INSERT INTO together_comuna(codigo, nombre, region_id) VALUES (207,'YUMBEL',8);
INSERT INTO together_comuna(codigo, nombre, region_id) VALUES (183,'YUNGAY',8);

INSERT INTO together_comuna(codigo, nombre, region_id) VALUES (216,'ANGOL',9);
INSERT INTO together_comuna(codigo, nombre, region_id) VALUES (235,'CARAHUE',9);
INSERT INTO together_comuna(codigo, nombre, region_id) VALUES (220,'COLLIPULLI',9);
INSERT INTO together_comuna(codigo, nombre, region_id) VALUES (230,'CUNCO',9);
INSERT INTO together_comuna(codigo, nombre, region_id) VALUES (225,'CURACAUTIN',9);
INSERT INTO together_comuna(codigo, nombre, region_id) VALUES (305,'CURARREHUE',9);
INSERT INTO together_comuna(codigo, nombre, region_id) VALUES (221,'ERCILLA',9);
INSERT INTO together_comuna(codigo, nombre, region_id) VALUES (229,'FREIRE',9);
INSERT INTO together_comuna(codigo, nombre, region_id) VALUES (232,'GALVARINO',9);
INSERT INTO together_comuna(codigo, nombre, region_id) VALUES (238,'GORBEA',9);
INSERT INTO together_comuna(codigo, nombre, region_id) VALUES (231,'LAUTARO',9);
INSERT INTO together_comuna(codigo, nombre, region_id) VALUES (240,'LONCOCHE',9);
INSERT INTO together_comuna(codigo, nombre, region_id) VALUES (226,'LONQUIMAY',9);
INSERT INTO together_comuna(codigo, nombre, region_id) VALUES (218,'LOS SAUCES',9);
INSERT INTO together_comuna(codigo, nombre, region_id) VALUES (223,'LUMACO',9);
INSERT INTO together_comuna(codigo, nombre, region_id) VALUES (304,'MELIPEUCO',9);
INSERT INTO together_comuna(codigo, nombre, region_id) VALUES (234,'NUEVA IMPERIAL',9);
INSERT INTO together_comuna(codigo, nombre, region_id) VALUES (345,'PADRE LAS CASAS',9);
INSERT INTO together_comuna(codigo, nombre, region_id) VALUES (233,'PERQUENCO',9);
INSERT INTO together_comuna(codigo, nombre, region_id) VALUES (237,'PITRUFQUEN',9);
INSERT INTO together_comuna(codigo, nombre, region_id) VALUES (242,'PUCON',9);
INSERT INTO together_comuna(codigo, nombre, region_id) VALUES (236,'PUERTO SAAVEDRA',9);
INSERT INTO together_comuna(codigo, nombre, region_id) VALUES (217,'PUREN',9);
INSERT INTO together_comuna(codigo, nombre, region_id) VALUES (219,'RENAICO',9);
INSERT INTO together_comuna(codigo, nombre, region_id) VALUES (227,'TEMUCO',9);
INSERT INTO together_comuna(codigo, nombre, region_id) VALUES (306,'TEODORO SCHMIDT',9);
INSERT INTO together_comuna(codigo, nombre, region_id) VALUES (239,'TOLTEN',9);
INSERT INTO together_comuna(codigo, nombre, region_id) VALUES (222,'TRAIGUEN',9);
INSERT INTO together_comuna(codigo, nombre, region_id) VALUES (224,'VICTORIA',9);
INSERT INTO together_comuna(codigo, nombre, region_id) VALUES (228,'VILCUN',9);
INSERT INTO together_comuna(codigo, nombre, region_id) VALUES (241,'VILLARRICA',9);

INSERT INTO together_comuna(codigo, nombre, region_id) VALUES (277,'ANCUD',10);
INSERT INTO together_comuna(codigo, nombre, region_id) VALUES (265,'CALBUCO',10);
INSERT INTO together_comuna(codigo, nombre, region_id) VALUES (270,'CASTRO',10);
INSERT INTO together_comuna(codigo, nombre, region_id) VALUES (280,'CHAITEN',10);
INSERT INTO together_comuna(codigo, nombre, region_id) VALUES (271,'CHONCHI',10);
INSERT INTO together_comuna(codigo, nombre, region_id) VALUES (262,'COCHAMO',10);
INSERT INTO together_comuna(codigo, nombre, region_id) VALUES (276,'CURACO DE VELEZ',10);
INSERT INTO together_comuna(codigo, nombre, region_id) VALUES (279,'DALCAHUE',10);
INSERT INTO together_comuna(codigo, nombre, region_id) VALUES (268,'FRESIA',10);
INSERT INTO together_comuna(codigo, nombre, region_id) VALUES (269,'FRUTILLAR',10);
INSERT INTO together_comuna(codigo, nombre, region_id) VALUES (281,'FUTALEUFU',10);
INSERT INTO together_comuna(codigo, nombre, region_id) VALUES (308,'HUALAIHUE',10);
INSERT INTO together_comuna(codigo, nombre, region_id) VALUES (267,'LLANQUIHUE',10);
INSERT INTO together_comuna(codigo, nombre, region_id) VALUES (264,'LOS MUERMOS',10);
INSERT INTO together_comuna(codigo, nombre, region_id) VALUES (263,'MAULLIN',10);
INSERT INTO together_comuna(codigo, nombre, region_id) VALUES (255,'OSORNO',10);
INSERT INTO together_comuna(codigo, nombre, region_id) VALUES (282,'PALENA',10);
INSERT INTO together_comuna(codigo, nombre, region_id) VALUES (261,'PUERTO MONTT',10);
INSERT INTO together_comuna(codigo, nombre, region_id) VALUES (258,'PUERTO OCTAY',10);
INSERT INTO together_comuna(codigo, nombre, region_id) VALUES (266,'PUERTO VARAS',10);
INSERT INTO together_comuna(codigo, nombre, region_id) VALUES (274,'PUQUELDON',10);
INSERT INTO together_comuna(codigo, nombre, region_id) VALUES (260,'PURRANQUE',10);
INSERT INTO together_comuna(codigo, nombre, region_id) VALUES (256,'PUYEHUE',10);
INSERT INTO together_comuna(codigo, nombre, region_id) VALUES (272,'QUEILEN',10);
INSERT INTO together_comuna(codigo, nombre, region_id) VALUES (273,'QUELLON',10);
INSERT INTO together_comuna(codigo, nombre, region_id) VALUES (278,'QUEMCHI',10);
INSERT INTO together_comuna(codigo, nombre, region_id) VALUES (275,'QUINCHAO',10);
INSERT INTO together_comuna(codigo, nombre, region_id) VALUES (259,'RIO NEGRO',10);
INSERT INTO together_comuna(codigo, nombre, region_id) VALUES (307,'SAN JUAN DE LA COSTA',10);
INSERT INTO together_comuna(codigo, nombre, region_id) VALUES (257,'SAN PABLO',10);

INSERT INTO together_comuna(codigo, nombre, region_id) VALUES (285,'AYSEN',11);
INSERT INTO together_comuna(codigo, nombre, region_id) VALUES (287,'CHILE CHICO',11);
INSERT INTO together_comuna(codigo, nombre, region_id) VALUES (286,'CISNES',11);
INSERT INTO together_comuna(codigo, nombre, region_id) VALUES (289,'COCHRANE',11);
INSERT INTO together_comuna(codigo, nombre, region_id) VALUES (284,'COYHAIQUE',11);
INSERT INTO together_comuna(codigo, nombre, region_id) VALUES (309,'GUAITECAS',11);
INSERT INTO together_comuna(codigo, nombre, region_id) VALUES (312,'LAGO VERDE',11);
INSERT INTO together_comuna(codigo, nombre, region_id) VALUES (310,'O´HIGGINS',11);
INSERT INTO together_comuna(codigo, nombre, region_id) VALUES (288,'RIO IBAÑEZ',11);
INSERT INTO together_comuna(codigo, nombre, region_id) VALUES (311,'TORTEL',11);

INSERT INTO together_comuna(codigo, nombre, region_id) VALUES (316,'LAGUNA BLANCA',12);
INSERT INTO together_comuna(codigo, nombre, region_id) VALUES (319,'NAVARINO',12);
INSERT INTO together_comuna(codigo, nombre, region_id) VALUES (292,'PORVENIR',12);
INSERT INTO together_comuna(codigo, nombre, region_id) VALUES (317,'PRIMAVERA',12);
INSERT INTO together_comuna(codigo, nombre, region_id) VALUES (291,'PUERTO NATALES',12);
INSERT INTO together_comuna(codigo, nombre, region_id) VALUES (290,'PUNTA ARENAS',12);
INSERT INTO together_comuna(codigo, nombre, region_id) VALUES (314,'RIO VERDE',12);
INSERT INTO together_comuna(codigo, nombre, region_id) VALUES (315,'SAN GREGORIO',12);
INSERT INTO together_comuna(codigo, nombre, region_id) VALUES (318,'TIMAUKEL',12);
INSERT INTO together_comuna(codigo, nombre, region_id) VALUES (313,'TORRES DEL PAINE',12);

INSERT INTO together_comuna(codigo, nombre, region_id) VALUES (109,'ALHUE',13);
INSERT INTO together_comuna(codigo, nombre, region_id) VALUES (103,'BUIN',13);
INSERT INTO together_comuna(codigo, nombre, region_id) VALUES (99,'CALERA DE TANGO',13);
INSERT INTO together_comuna(codigo, nombre, region_id) VALUES (333,'CERRILLOS',13);
INSERT INTO together_comuna(codigo, nombre, region_id) VALUES (324,'CERRO NAVIA',13);
INSERT INTO together_comuna(codigo, nombre, region_id) VALUES (76,'COLINA',13);
INSERT INTO together_comuna(codigo, nombre, region_id) VALUES (75,'CONCHALI',13);
INSERT INTO together_comuna(codigo, nombre, region_id) VALUES (83,'CURACAVI',13);
INSERT INTO together_comuna(codigo, nombre, region_id) VALUES (338,'EL BOSQUE',13);
INSERT INTO together_comuna(codigo, nombre, region_id) VALUES (89,'EL MONTE',13);
INSERT INTO together_comuna(codigo, nombre, region_id) VALUES (328,'ESTACION CENTRAL',13);
INSERT INTO together_comuna(codigo, nombre, region_id) VALUES (334,'HUECHURABA',13);
INSERT INTO together_comuna(codigo, nombre, region_id) VALUES (330,'INDEPENDENCIA',13);
INSERT INTO together_comuna(codigo, nombre, region_id) VALUES (87,'ISLA DE MAIPO',13);
INSERT INTO together_comuna(codigo, nombre, region_id) VALUES (96,'LA CISTERNA',13);
INSERT INTO together_comuna(codigo, nombre, region_id) VALUES (93,'LA FLORIDA',13);
INSERT INTO together_comuna(codigo, nombre, region_id) VALUES (97,'LA GRANJA',13);
INSERT INTO together_comuna(codigo, nombre, region_id) VALUES (327,'LA PINTANA',13);
INSERT INTO together_comuna(codigo, nombre, region_id) VALUES (92,'LA REINA',13);
INSERT INTO together_comuna(codigo, nombre, region_id) VALUES (78,'LAMPA',13);
INSERT INTO together_comuna(codigo, nombre, region_id) VALUES (71,'LAS CONDES',13);
INSERT INTO together_comuna(codigo, nombre, region_id) VALUES (332,'LO BARNECHEA',13);
INSERT INTO together_comuna(codigo, nombre, region_id) VALUES (337,'LO ESPEJO',13);
INSERT INTO together_comuna(codigo, nombre, region_id) VALUES (325,'LO PRADO',13);
INSERT INTO together_comuna(codigo, nombre, region_id) VALUES (323,'MACUL',13);
INSERT INTO together_comuna(codigo, nombre, region_id) VALUES (94,'MAIPU',13);
INSERT INTO together_comuna(codigo, nombre, region_id) VALUES (90,'MARIA PINTO',13);
INSERT INTO together_comuna(codigo, nombre, region_id) VALUES (88,'MELIPILLA',13);
INSERT INTO together_comuna(codigo, nombre, region_id) VALUES (91,'ÑUÑOA',13);
INSERT INTO together_comuna(codigo, nombre, region_id) VALUES (339,'PADRE HURTADO',13);
INSERT INTO together_comuna(codigo, nombre, region_id) VALUES (104,'PAINE',13);
INSERT INTO together_comuna(codigo, nombre, region_id) VALUES (336,'PEDRO AGUIRRE CERDA',13);
INSERT INTO together_comuna(codigo, nombre, region_id) VALUES (85,'PEÑAFLOR',13);
INSERT INTO together_comuna(codigo, nombre, region_id) VALUES (322,'PEÑALOLEN',13);
INSERT INTO together_comuna(codigo, nombre, region_id) VALUES (101,'PIRQUE',13);
INSERT INTO together_comuna(codigo, nombre, region_id) VALUES (72,'PROVIDENCIA',13);
INSERT INTO together_comuna(codigo, nombre, region_id) VALUES (82,'PUDAHUEL',13);
INSERT INTO together_comuna(codigo, nombre, region_id) VALUES (100,'PUENTE ALTO',13);
INSERT INTO together_comuna(codigo, nombre, region_id) VALUES (79,'QUILICURA',13);
INSERT INTO together_comuna(codigo, nombre, region_id) VALUES (81,'QUINTA NORMAL',13);
INSERT INTO together_comuna(codigo, nombre, region_id) VALUES (329,'RECOLETA',13);
INSERT INTO together_comuna(codigo, nombre, region_id) VALUES (77,'RENCA',13);
INSERT INTO together_comuna(codigo, nombre, region_id) VALUES (98,'SAN BERNARDO',13);
INSERT INTO together_comuna(codigo, nombre, region_id) VALUES (335,'SAN JOAQUIN',13);
INSERT INTO together_comuna(codigo, nombre, region_id) VALUES (102,'SAN JOSE DE MAIPO',13);
INSERT INTO together_comuna(codigo, nombre, region_id) VALUES (95,'SAN MIGUEL',13);
INSERT INTO together_comuna(codigo, nombre, region_id) VALUES (108,'SAN PEDRO',13);
INSERT INTO together_comuna(codigo, nombre, region_id) VALUES (326,'SAN RAMON',13);
INSERT INTO together_comuna(codigo, nombre, region_id) VALUES (70,'SANTIAGO CENTRO',13);
INSERT INTO together_comuna(codigo, nombre, region_id) VALUES (73,'SANTIAGO OESTE',13);
INSERT INTO together_comuna(codigo, nombre, region_id) VALUES (84,'SANTIAGO SUR',13);
INSERT INTO together_comuna(codigo, nombre, region_id) VALUES (86,'TALAGANTE',13);
INSERT INTO together_comuna(codigo, nombre, region_id) VALUES (80,'TIL-TIL',13);
INSERT INTO together_comuna(codigo, nombre, region_id) VALUES (331,'VITACURA',13);

INSERT INTO together_comuna(codigo, nombre, region_id) VALUES (244,'CORRAL',14);
INSERT INTO together_comuna(codigo, nombre, region_id) VALUES (248,'FUTRONO',14);
INSERT INTO together_comuna(codigo, nombre, region_id) VALUES (251,'LA UNION',14);
INSERT INTO together_comuna(codigo, nombre, region_id) VALUES (254,'LAGO RANCO',14);
INSERT INTO together_comuna(codigo, nombre, region_id) VALUES (249,'LANCO',14);
INSERT INTO together_comuna(codigo, nombre, region_id) VALUES (247,'LOS LAGOS',14);
INSERT INTO together_comuna(codigo, nombre, region_id) VALUES (246,'MAFIL',14);
INSERT INTO together_comuna(codigo, nombre, region_id) VALUES (245,'MARIQUINA',14);
INSERT INTO together_comuna(codigo, nombre, region_id) VALUES (243,'VALDIVIA',14);
INSERT INTO together_comuna(codigo, nombre, region_id) VALUES (250,'PANGUIPULLI',14);
INSERT INTO together_comuna(codigo, nombre, region_id) VALUES (252,'PAILLACO',14);
INSERT INTO together_comuna(codigo, nombre, region_id) VALUES (253,'RIO BUENO',14);

INSERT INTO together_comuna(codigo, nombre, region_id) VALUES (1,'ARICA',15);
INSERT INTO together_comuna(codigo, nombre, region_id) VALUES (295,'CAMARONES',15);
INSERT INTO together_comuna(codigo, nombre, region_id) VALUES (293,'GENERAL LAGOS',15);
INSERT INTO together_comuna(codigo, nombre, region_id) VALUES (294,'PUTRE',15);


INSERT INTO together_categoria(id, nombre) VALUES (1, 'Cumpleaños');
INSERT INTO together_categoria(id, nombre) VALUES (2, 'Evento');
INSERT INTO together_categoria(id, nombre) VALUES (3, 'Causa social');


INSERT INTO together_tipoproyecto(id, nombre, impuesto) VALUES(1, 'Todo o nada', 5);
INSERT INTO together_tipoproyecto(id, nombre, impuesto) VALUES(2, 'Todo suma', 5);
INSERT INTO together_tipoproyecto(id, nombre, impuesto) VALUES(3, 'Monto fijo', 5);

INSERT INTO together_moneda(id, nombre) VALUES (1, 'CLP');
INSERT INTO together_moneda(id, nombre) VALUES (2, 'USD');

INSERT INTO together_banco(id, nombre) VALUES(1,'Banco Security');
INSERT INTO together_banco(id, nombre) VALUES(2,'Banco Chile-Edwards-Citi');
INSERT INTO together_banco(id, nombre) VALUES(3,'Banco Consorcio');
INSERT INTO together_banco(id, nombre) VALUES(4,'Banco del Desarrollo');
INSERT INTO together_banco(id, nombre) VALUES(5,'Banco Estado');
INSERT INTO together_banco(id, nombre) VALUES(6,'Banco Falabella');
INSERT INTO together_banco(id, nombre) VALUES(7,'Banco Internacional');
INSERT INTO together_banco(id, nombre) VALUES(8,'Banco Itaú');
INSERT INTO together_banco(id, nombre) VALUES(9,'Banco Paris');
INSERT INTO together_banco(id, nombre) VALUES(10,'Banco Rabobank');
INSERT INTO together_banco(id, nombre) VALUES(11,'Banco Ripley');
INSERT INTO together_banco(id, nombre) VALUES(12,'Banco Santander');
INSERT INTO together_banco(id, nombre) VALUES(13,'BBVA');
INSERT INTO together_banco(id, nombre) VALUES(14,'BCI');
INSERT INTO together_banco(id, nombre) VALUES(15,'BICE');
INSERT INTO together_banco(id, nombre) VALUES(16,'Corpbanca');
INSERT INTO together_banco(id, nombre) VALUES(17,'HSBC BANK');
INSERT INTO together_banco(id, nombre) VALUES(18,'Scotiabank');

INSERT INTO together_tipocuenta(id, nombre) VALUES(1,'Cuenta Corriente');
INSERT INTO together_tipocuenta(id, nombre) VALUES(2,'Cuenta Vista');
INSERT INTO together_tipocuenta(id, nombre) VALUES(3,'Cuenta Ahorro');

INSERT INTO together_tipopago(id, nombre) VALUES(1, 'Credito');
INSERT INTO together_tipopago(id, nombre) VALUES(2, 'Paypal');